{"schemaVersion":"1.0","appDefinitionTemplate":{"id":"/providers/Microsoft.PowerApps/apps/","type":"Microsoft.PowerApps/apps","tags":{"primaryDeviceWidth":"640","primaryDeviceHeight":"1136","supportsPortrait":"true","supportsLandscape":"true","primaryFormFactor":"Phone","showStatusBar":"false","publisherVersion":"3.25014.15","minimumRequiredApiVersion":"2.2.0","hasComponent":"false","hasUnlockedComponent":"false","isUnifiedRootApp":"false","sienaVersion":"20250207T062946Z-3.25014.15.0"},"properties":{"appVersion":"2025-02-07T06:29:46Z","lifeCycleId":"Published","createdByClientVersion":{"major":3,"minor":25014,"build":15,"revision":0,"majorRevision":0,"minorRevision":0},"minClientVersion":{"major":3,"minor":25014,"build":15,"revision":0,"majorRevision":0,"minorRevision":0},"backgroundColor":"RGBA(0,176,240,1)","backgroundImageUri":"/10725838155361215356/Nd0798b36-f37f-4e6e-a8c6-2b63cbffd36e-logoSmallFile","displayName":"Ontario Housing Project Maintenance App","description":"","commitMessage":"","appUris":{"documentUri":{"value":"/10725838155361215356/Nb0f7dae6-5646-4aee-befc-7e79f63ab1db-document.msapp"},"imageUris":[],"additionalUris":[{"isSolutionAware":false,"value":"/10725838155361215356/N88e81a39-1afb-4fca-915c-0e0f701cd8bd-identity.json"}]},"createdTime":"0001-01-01T00:00:00Z","lastModifiedTime":"0001-01-01T00:00:00Z","sharedGroupsCount":0,"sharedUsersCount":0,"connectionReferences":{},"databaseReferences":{"default.cds":{"databaseDetails":{"referenceType":"Environmental","environmentName":"default.cds","overrideValues":{"status":"NotSpecified","environmentVariableName":""}},"dataSources":{"Ontario Housing Progress Reports":{"entitySetName":"cre88_housingprogressreports","logicalName":"cre88_housingprogressreport","isHidden":false}},"actions":["providers/PowerPlatform.Governance/Operations/Read","providers/PowerPlatform.Governance/Operations/Write","providers/PowerPlatform.Governance/Operations/Delete"]}},"almMode":"Environment","performanceOptimizationEnabled":false,"canConsumeAppPass":false,"enableModernRuntimeMode":false,"executionRestrictions":{"isTeamsOnly":false,"dataLossPreventionEvaluationResult":{"status":"Compliant","lastEvaluationDate":"2025-02-05T15:43:02.8766514Z","violations":[],"violationsByPolicy":[],"violationErrorMessage":"The app uses the following connectors: shared_commondataservice."}}},"isAppComponentLibrary":false,"appType":"ClassicCanvasApp","appComponents":[]}}